{
    "editor": {
        "nodeManager": {
            "nodes": [
                {
                    "ptr_wrapper": {
                        "id": 2147483649,
                        "data": {
                            "id": 4,
                            "position": {
                                "x": 5.465000152587891,
                                "y": 5.515000343322754
                            },
                            "support": 0,
                            "load": {
                                "force": {
                                    "x": 1.0,
                                    "y": 0.0
                                }
                            }
                        }
                    }
                },
                {
                    "ptr_wrapper": {
                        "id": 2147483650,
                        "data": {
                            "id": 5,
                            "position": {
                                "x": 5.466000080108643,
                                "y": 5.515000343322754
                            },
                            "support": 0,
                            "load": {
                                "force": {
                                    "x": 1.0,
                                    "y": 1.0
                                }
                            }
                        }
                    }
                },
                {
                    "ptr_wrapper": {
                        "id": 2147483651,
                        "data": {
                            "id": 6,
                            "position": {
                                "x": 5.467000484466553,
                                "y": 5.515000343322754
                            },
                            "support": 0,
                            "load": {
                                "force": {
                                    "x": 0.0,
                                    "y": 1.0
                                }
                            }
                        }
                    }
                },
                {
                    "ptr_wrapper": {
                        "id": 2147483652,
                        "data": {
                            "id": 7,
                            "position": {
                                "x": 5.468000411987305,
                                "y": 5.515000343322754
                            },
                            "support": 0,
                            "load": {
                                "force": {
                                    "x": -1.0,
                                    "y": 1.0
                                }
                            }
                        }
                    }
                },
                {
                    "ptr_wrapper": {
                        "id": 2147483653,
                        "data": {
                            "id": 8,
                            "position": {
                                "x": 5.469000339508057,
                                "y": 5.515000343322754
                            },
                            "support": 0,
                            "load": {
                                "force": {
                                    "x": -1.0,
                                    "y": 0.0
                                }
                            }
                        }
                    }
                },
                {
                    "ptr_wrapper": {
                        "id": 2147483654,
                        "data": {
                            "id": 9,
                            "position": {
                                "x": 5.470000267028809,
                                "y": 5.515000343322754
                            },
                            "support": 0,
                            "load": {
                                "force": {
                                    "x": -1.0,
                                    "y": -1.0
                                }
                            }
                        }
                    }
                },
                {
                    "ptr_wrapper": {
                        "id": 2147483655,
                        "data": {
                            "id": 10,
                            "position": {
                                "x": 5.4710001945495609,
                                "y": 5.515000343322754
                            },
                            "support": 0,
                            "load": {
                                "force": {
                                    "x": 0.0,
                                    "y": -1.0
                                }
                            }
                        }
                    }
                },
                {
                    "ptr_wrapper": {
                        "id": 2147483656,
                        "data": {
                            "id": 11,
                            "position": {
                                "x": 5.4720001220703129,
                                "y": 5.515000343322754
                            },
                            "support": 0,
                            "load": {
                                "force": {
                                    "x": 1.0,
                                    "y": -1.0
                                }
                            }
                        }
                    }
                }
            ]
        },
        "materialManager": {
            "materials": [
                {
                    "ptr_wrapper": {
                        "id": 2147483657,
                        "data": {
                            "name": "Padrão",
                            "E": 2500000000.0,
                            "alpha": 0.000009999999747378752
                        }
                    }
                },
                {
                    "ptr_wrapper": {
                        "id": 2147483658,
                        "data": {
                            "name": "Concreto C20",
                            "E": 2500000000.0,
                            "alpha": 0.000009999999747378752
                        }
                    }
                },
                {
                    "ptr_wrapper": {
                        "id": 2147483659,
                        "data": {
                            "name": "Aço",
                            "E": 199999995904.0,
                            "alpha": 0.000012000000424450264
                        }
                    }
                }
            ]
        },
        "sectionlManager": {
            "sections": [
                {
                    "ptr_wrapper": {
                        "id": 2147483660,
                        "data": {
                            "name": "Padrão",
                            "area": 0.05999999865889549,
                            "inertia": 0.00044999999227002263
                        }
                    }
                },
                {
                    "ptr_wrapper": {
                        "id": 2147483661,
                        "data": {
                            "name": "Retangular 20x40",
                            "area": 0.05999999865889549,
                            "inertia": 0.00044999999227002263
                        }
                    }
                },
                {
                    "ptr_wrapper": {
                        "id": 2147483662,
                        "data": {
                            "name": "Circular d30",
                            "area": 0.07068579643964768,
                            "inertia": 0.0003980000037699938
                        }
                    }
                }
            ]
        },